[
    {
        "name": "General support",
        "id": "1336037259253907457",
        "description": "Get help with general issues.",
        "emoji": "<:supportticket:1335615109812195389>"
    },
    {
        "name": "Technical support",
        "id": "1336038734348554280",
        "description": "Help with fixing server issues.",
        "emoji": "<:technicallsupport:1335614654466228256>"
    },
    {
        "name": "Purchase",
        "id": "1336039276932104244",
        "description": "Get help with buying services.",
        "emoji": "<:purchaseticket:1335614954501443604>"
    },
    {
        "name": "Rewards claim",
        "id": "1336040268620890205",
        "description": "Claim your rewards here.",
        "emoji": "<:reward_claim:1335614556340228219>"
    },
    {
        "name": "Other",
        "id": "1336040384253661247",
        "description": "For any other inquiries.",
        "emoji": "<:other:1335615747459907706>"
    }
]